status,join,name,url,members,posts_per_day,privacy,use_for_outreach,notes
joined,yes,pay per call buyers,https://www.facebook.com/groups/4255963531316460/,2200,20,Public,yes,Best signal. Live HVAC buyers and Ringba buyers.
joined,yes,PayPerCall Talks,https://www.facebook.com/groups/837179259729094/,12700,20+,Public,yes,Largest real group. RTS BPO. Jason Kashou is here.
joined,yes,Pay Per Call Offers - Direct Buyers,https://www.facebook.com/groups/806032618757471/,2500,7,Public,mixed,Feed is GMB spam. Search buying calls for real buyers.
joined,yes,PAY PER CALL,https://www.facebook.com/groups/598691696622461/,1600,10+,Public,yes,
joined,yes,Payper Call / Ringba,https://www.facebook.com/groups/2502168153499894/,811,3,Public,yes,Alina James and Marketing Network buying live transfers / HVAC / plumbing.
joined,yes,Pay Per Call Marketing,https://www.facebook.com/groups/165595260132807/,3200,7,Public,yes,
joined,yes,Pay Per Call - Global,https://www.facebook.com/groups/cbpaypercallglobal/,6300,10+,Public,mixed,
joined,yes,Pay Per Call - Help & Support,https://www.facebook.com/groups/1628375564782254/,1500,5,Public,mixed,
joined,yes,Pay Per Call Market,https://www.facebook.com/groups/1075584440383932/,1000,,Public,yes,
joined,yes,Pay Per Call Gurus,https://www.facebook.com/groups/paypercallguru/,971,,Public,yes,
joined,yes,Lead Generation Pay Per Call and Affiliate Marketing,https://www.facebook.com/groups/lead.generation.and.paypercall/,12000,,Public,mixed,Large mixed affiliate group.
joined,yes,Pay Per Call - Media Buying & Selling Insurance,https://www.facebook.com/groups/1504148016702820/,,,Public,yes,Insurance media buyers.
joined,yes,Pay Per Call Advertisers / Publishers,https://www.facebook.com/groups/368462500639563/,,,Public,yes,
joined,yes,Pay Per Call US,https://www.facebook.com/groups/1548642368601772/,,,Public,yes,
joined,yes,Engine and Transmission- Pay Per Call,https://www.facebook.com/groups/9976315899066228/,,,Public,yes,Home-services inbound.
joined,yes,Personal Injury Lead Generation - Pay Per Call,https://www.facebook.com/groups/985430599582865/,,,Public,yes,
joined,yes,pay per calls buying,https://www.facebook.com/groups/2100504454152910/,,,Public,yes,Buyer-titled group.
joined,yes,live transfers leads and inbound calls,https://www.facebook.com/groups/605852314861595/,1800,6,Public,yes,High priority inbound/live transfer feed.
joined,yes,Verified Live Transfer & Appointment Buyers (USA),https://www.facebook.com/groups/1315882353720736/,282,,Public,low,Name is good but feed is visa-appointment spam. Do not harvest as PPC buyers.
joined,yes,Lead Smart Affiliate Group,https://www.facebook.com/groups/661859741361339/,6800,10+,Public,mixed,Matthew Zivkovic community. Posting approved. More students/GMB than buyers.
joined,yes,HomeServ Pro LLC,https://www.facebook.com/groups/731422506677022/,3000,10,Public,yes,Home-services inbound network.
joined,yes,HomeServ Pro LLC - Pay Per Call Network,https://www.facebook.com/groups/leadszee/,3000,10,Public,yes,Exact HomeServ PPC group ID found via search.
joined,yes,Pay Per Call (Callvertise),https://www.facebook.com/groups/555201644934886/,2800,,Public,yes,Run by Callvertise.
pending,yes,Pay Per Call Super Affiliates,https://www.facebook.com/groups/2001183080125373/,6200,4,Private,yes,Join request sent.
pending,yes,Pay per Call-Global,https://www.facebook.com/groups/paypercallglobal/,10600,5,Private,yes,Join request sent. PPC-only posting rule.
pending,yes,EDM Lead Network Pay Per Call Hub,https://www.facebook.com/groups/525825681776027/,837,,Private,yes,Join request sent.
pending,yes,Publisher Hub : Pay Per Call,https://www.facebook.com/groups/1300803932003519/,251,,Private,mixed,Join request sent. Small.
not_joined,optional,Pay Per Call Marketers Hub,https://www.facebook.com/groups/paypercallmarketershub/,,,Public,mixed,Found in search. Stopped to avoid Facebook checkpoint.
not_joined,optional,Apexcalls Network - Pay Per Call Tips,https://www.facebook.com/groups/2036911130064759/,,,Public,mixed,Vendor-adjacent.
not_joined,optional,PayPerCall (Peak Performance Consulting LLC),https://www.facebook.com/groups/4241734496151072/,,,Public,mixed,Company group.
not_joined,optional,Pay per call Dental,https://www.facebook.com/groups/1420595873134176/,,,Public,narrow,Vertical-only.
not_joined,optional,US Travel Pay Per Call Network,https://www.facebook.com/groups/ustravelcalls/,,,Public,narrow,Travel-only.
not_joined,optional,Pay Per Call Marketplace ABR,https://www.facebook.com/groups/1217984105993670/,,,Public,mixed,
not_joined,optional,Callspedia LLC (Pay Per Call Network),https://www.facebook.com/groups/2217931105746084/,75,,Public,low,Too small.
not_joined,skip,OnCall-24.com Offers,https://www.facebook.com/groups/257318333466274/,6000,7,Public,no,One-company promo wall.
not_joined,skip,OnCall-24.com Live Transfers,https://www.facebook.com/groups/1207338690389607/,,,Public,no,Same vendor promo wall.
not_joined,skip,Pay Per Call Network with AS Marketing,https://www.facebook.com/groups/1975970623210878/,847,3,Public,no,Vendor promo.
not_joined,skip,Pay Per Call Ninja Tricks,https://www.facebook.com/groups/524624233357177/,1800,5,Public,no,Course-y.
not_joined,skip,Pay Per Call Training,https://www.facebook.com/groups/1217155542557170/,659,,Public,no,Course-y.
not_joined,skip,BD Pay Per Call Marketers,https://www.facebook.com/groups/BDPayPerCallMarketers/,,,Public,no,Bangladesh-focused not US ICP.
not_joined,skip,Football transfer groups,(various),,10+,Public,no,Not pay-per-call. Search live transfers is polluted with soccer.
not_joined,skip,GMB Verification groups,(various),,10+,Public,no,Not pay-per-call buyers.
