name,title_company,linkedin,state,why_outreach,vertical
Aaron Jerez,Pay-per-call operator (Ringba + Retreaver),https://www.linkedin.com/in/aaronjerez,,Built Retreaver/RingBA tracking and routing for Medicare FE auto ACA campaigns.,Insurance
Abdul Hadi,Co-Founder & CEO @ Link Call Network,https://www.linkedin.com/in/abdul-hadi-265443280,Wisconsin,Milwaukee PPC network for Medicare solar FE MVA and mass tort.,Insurance / solar / legal
Abdul Rafay Tariq,CEO @ Dreamscape LLC,https://www.linkedin.com/in/abdulrafaytariq47,Iowa,Dubuque TCPA-compliant PPC across FE Medicare auto home legal debt and solar.,Insurance / legal / debt / home services
Abdul Raheel,Co-Founder & CEO @ Unified Systems,https://www.linkedin.com/in/abdul-raheel-9a1773203,,Utah-based shop generating 20k insurance transfers/month on pay-per-call.,Insurance
Abraham Engel,Founder at Acquire IQ / Momentum Max,https://www.linkedin.com/in/abraham-engel-38707530b,Florida,Generated millions of insurance pay-per-call conversations at Momentum Max.,Insurance
Adam Smith,Director of Publisher Management at Massive & Company,https://www.linkedin.com/in/adamsmithjulian,Texas,Houston publisher manager sourcing CTV inbound final-expense calls.,Insurance
Adrian Baker,VP Digi-Advert,https://www.linkedin.com/in/adrian-baker-06b598274,Utah,Digi-Advert VP running PPC live-transfer call-center ops,insurance
Adrian V.,CEO @ The Hawks Media,https://www.linkedin.com/in/adrian-v-a1b844193,Ohio,Columbus buyer and seller of Medicare and insurance inbound calls.,Insurance
Afaq Ahmed,Founder & CEO @ LeadsRoot,https://www.linkedin.com/in/afaq-ahmed-059aab224,,Sells mortgage live transfers and pay-per-call outbound; juggles ads plus call flow.,Mortgage
Ahtisham Muzammil,CEO at First Call Solutions,https://www.linkedin.com/in/ahtisham-muzammil-7367b940,Texas,Houston CEO building inbound-call and live-transfer engines for insurance buyers.,Insurance
Akash King D,Pay-per-call media buyer,https://www.linkedin.com/in/akashdking,,Buys inbound calls for flights ACA Medicare auto via Google and Meta.,Insurance / travel
Akash Ralen,US affiliate / PPC media buyer,https://in.linkedin.com/in/akash-ralen-374920aa,,Uses Voluum Redtrack Ringba for US insurance debt and FE pay-per-call.,Insurance / debt
Albert Aulov,Founder @ Leads2Closings,https://www.linkedin.com/in/albert-aulov-leads2closings,New York,NY founder selling pre-qualified live transfers in lending.,Mortgage / lending
Alec Stearn,Affiliate Manager at Aragon Advertising,https://www.linkedin.com/in/alec-stearn-730118148,New York,NY affiliate manager on Aragon's pay-per-call publisher desk,home services
Alex Kurochkin,VP Sales Marketcall,https://www.linkedin.com/in/alexkurochkin,California,Pasadena sales lead at a pay-per-call affiliate network,performance
Alex Shmonov,CEO Founder Marketcall,https://www.linkedin.com/in/ashmonov,California,Runs Pasadena pay-per-call affiliate network matching advertisers and publishers,insurance
Alex Suarez,Founder at Ad Blaze Media,https://www.linkedin.com/in/alex-suarez-61210a40,Florida,Builds pay-per-call funnels for insurance legal and home services.,Insurance
Alexander Hemedinger,Affiliate Marketing Manager @ WeCall,https://www.linkedin.com/in/ahemedinger,,Ran Medicare/ACA publisher programs and internal pest-control media buying.,Insurance / pest
Alexander Konarev,Head of Affiliate Marketcall,https://www.linkedin.com/in/alexander-konarev-a38315225,California,Pasadena affiliate lead posting debt inbound call offers,debt
Alexander Shkarupa,VP Ops @ Marketcall,https://www.linkedin.com/in/alex-shkarupa,,Grows Marketcall internal media buying and affiliate tools; lives in reporting.,Pay-per-call network ops
Alexandra Avalos,Head of Strategic Partnerships at WeGenerate,https://www.linkedin.com/in/alexandra-avalos-6bb1b6185,Florida,Miami partnerships lead at a shop generating Medicare ACA and auto call LTV.,Insurance
Andre Humber,CEO at Innovation Direct Group,https://www.linkedin.com/in/andre-humber,Florida,Delivers compliant inbound insurance calls on a pay-per-call model.,Insurance
Andrew Buto,SVP Sales at Legal Advocate Group,https://www.linkedin.com/in/andrew-buto,Pennsylvania,Shohola sales lead with 9+ years selling pay-per-call to law firms after eLocal,legal
Andrew Filar,Co-founder at Next Call Club,https://www.linkedin.com/in/andrewfilar,Georgia,Atlanta buyer of home and auto leads calls and live transfers for agents.,Insurance
Andrew Gold,VP Publisher Development at What If Media Group,https://www.linkedin.com/in/andrew-gold-06a96753,New York,Manages call-focused publisher supply after running Datalot media partnerships in Brooklyn,insurance
Andrew Gutierrez,Performance Media Buyer,https://www.linkedin.com/in/andrew-gutierrez-b60618229,California,San Dimas buyer focused on high-quality inbound calls at scale,inbound
Andrew Merchant,Affiliate Operations Coordinator at eLocal,https://www.linkedin.com/in/andrew-r-merchant,Pennsylvania,Conshohocken affiliate ops watching call quality compliance and ROI across eLocal campaigns,home services
Andrew Rios,Media buyer / affiliate manager (TrackDrive),https://www.linkedin.com/in/riosandrew,,Migrated call tracking from Boberdoo to TrackDrive; ran internal PPC inbound.,Insurance / pay-per-call
Andrew Stubenrauch,Director of Business Development at AdMediary,https://www.linkedin.com/in/andrew-stubenrauch-a3b317204,New York,Woodbury BD selling AdMediary originated legal calls and leads not resold traffic,legal
Andy Aronow,President & Founder at eLocal,https://www.linkedin.com/in/andy-aronow-9a42166,Pennsylvania,Conshohocken founder of one of the largest US pay-per-call/pay-per-lead platforms,home services
Angela Mirabella,Founder Lux Media Mix and Kaizen BPO,https://www.linkedin.com/in/angela-mirabella-ba501168,California,Newport Beach operator of inbound-call lead gen for Medicare and insurance,insurance
Angelica Romero,Affiliate Manager @ Marketcall,https://www.linkedin.com/in/angelicamromerohernandez,,Marketcall pay-per-call affiliate manager connecting publishers and advertisers.,Pay-per-call
Anmol Arora,Affiliate Manager @ Namastey Network,https://www.linkedin.com/in/anmol-arora-857387214,,Hands-on Ringba campaign setup routing and inbound/transfer monetization.,Insurance / debt / home services
Anthony Sarandrea,CEO SiteFlood / Pocket Your Dollars,https://www.linkedin.com/in/anthony-sarandrea,Arizona,Scottsdale operator driving thousands of inbound insurance calls daily,insurance
Anthony Stout,Lead generation operator at Direct Marketing Media,https://www.linkedin.com/in/anthony-stout-582a12170,North Carolina,Charlotte operator running verified lead-gen and pay-per-call campaigns since 2008.,Mixed
Aragorn Dimopoulos,Pay-per-call media buyer,https://www.linkedin.com/in/aragorn-dimopoulos-75402689,Illinois,Crystal Lake operator running pay-per-call media campaigns and inbound lead gen.,Insurance / inbound
Arda Savas,Partnerships @ Lead Gate Media,https://www.linkedin.com/in/ardasavas,,Generates Google auto-insurance inbound and buys publisher call supply.,Insurance
Ari Pelkas,Partnerships Lead Gate Media,https://www.linkedin.com/in/ari-pelkas,Nevada,Las Vegas buyer/seller of PPC in insurance legal home services and Medicare,insurance
Ariel Tolome,Pay-Per-Call Operator using Ringba Retreaver TrackDrive,https://www.linkedin.com/in/arieltolome,New York,Hands-on NY buyer who names Ringba Retreaver and TrackDrive for insurance home-services and legal calls,insurance
Arjan Parajuli,Founder @ Paragon Leads Media,https://www.linkedin.com/in/arjanparajuli,,Runs Google plus Ringba/Everflow pay-per-call for home services and insurance.,Home services / insurance
Arman N.,Performance Media Buyer Value Health One,https://www.linkedin.com/in/armannabavian,California,Newport Beach Ringba buyer who scaled 172k consumer-initiated inbound calls,insurance
Arun Tripathi,CEO at Axad Capital,https://www.linkedin.com/in/aruntripathi,New York,Runs NYC O&O insurance/legal call properties and still shows up at Contact.io for pay-per-call,insurance
Arushi S.,Founder & CEO at Calling Waves,https://www.linkedin.com/in/arushi-s-a5945b114,New Jersey,NJ founder buying home-services and insurance inbound calls and hiring affiliate managers,home services
Arushi S.,Founder & CEO @ Calling Waves,https://in.linkedin.com/in/a-s-a5945b114,New Jersey,Buys home-services HVAC FE ACA and flight inbound calls.,Home services / insurance / travel
Ateeq Khan,Executive Director @ Smart Leads BPO,https://www.linkedin.com/in/ateeq-khan-28641a217,Missouri,Lees Summit FE Medicare MVA and auto pay-per-call operator.,Insurance
Babar Abbasi,Founder @ Calls Network / CPL Leads,https://www.linkedin.com/in/babar101,,Pay-per-call and live-transfer operator for Medicare FE auto and solar.,Insurance / solar
Badr Benassila,Media Buyer using Ringba and Retreaver,https://www.linkedin.com/in/badrbenassila,Florida,Buys Meta and YouTube traffic for insurance pay-per-call with Ringba and Retreaver.,Insurance
Barbara Chen-Hemmings,Managing Partner at One Pillarmark Media,https://www.linkedin.com/in/barbara-chen-hemmings-7117bb301,Florida,Manages pay-per-call insurance campaigns and buyer partnerships.,Insurance
Benjamin P.,Media Buyer @ WeCall,https://www.linkedin.com/in/benperkov,,In-house WeCall media buyer. Direct user of call plus ad reporting.,Pay-per-call agency
Benson N.,Founder @ Buyers Central Media,https://www.linkedin.com/in/bensondnguyen,,Lead-gen founder running pay-per-call and digital campaigns.,Pay-per-call / lead gen
Bjorn Faber,Founder @ The Call Faucet,https://www.linkedin.com/in/bjornfaber,,Connects affiliates with FE U65 and auto inbound-call buyers.,Insurance
Brad Hill,Live Calls Network operator,https://www.linkedin.com/in/bradhill1,Maryland,Generated $4M with 125 publishers on lead-gen and pay-per-call campaigns.,Insurance / home services / legal
Brad Nelson,CTO The Call Gurus,https://www.linkedin.com/in/brad-nelson-0b306376,Arizona,Phoenix CTO running pay-per-call routing and VoIP for inbound,inbound
Brandon Ente,Affiliate Manager at RevenueAds,https://www.linkedin.com/in/brandon-ente-20025b2b4,Oklahoma,Recruits publishers into an Oklahoma City pay-per-call and lead network.,Performance
Brian Appel,Pay-per-call operator @ Medialot,https://www.linkedin.com/in/appelbrian,,O&O insurance pay-per-call traffic; Medicare and auto inbound.,Insurance
Brian Audley,Digital Media Lead at Fluent,https://www.linkedin.com/in/brianaudley,New York,Brooklyn Fluent operator with $50M+ spend including call-based Medicare/ACA acquisition,insurance
Brian Dominguez,CRO/CTO Calls By Brand,https://www.linkedin.com/in/briangdominguez,Nevada,Las Vegas PPC marketplace operator building call routing and analytics,insurance
Brian Fitzmaurice,Operator at Fitz Media Group,https://www.linkedin.com/in/brian-fitzmaurice-86692217,South Carolina,Greenville performance marketer generating leads and qualified calls.,Insurance
Brian Kohn,CEO @ Burst Revenues LLC,https://www.linkedin.com/in/brianskohn,Michigan,Canton publisher generating insurance debt and home-services inbound calls.,Insurance / debt / home services
Brook Whitmore,COO Call Trader,https://www.linkedin.com/in/brookwhitmore,California,Corte Madera COO of inbound and warm-transfer call company,insurance
Bruce Aronow,Chairman @ eLocal,https://www.linkedin.com/in/brucearonow,Pennsylvania,eLocal chairman; performance-priced inbound calls for local businesses.,Home services / local
Caleb Thames,Founder & CEO at Call Pro,https://www.linkedin.com/in/calebthames,Georgia,Atlanta founder brokering pay-per-call volume to insurance agencies.,Insurance
Carlos Corona,Founder at UNIK Media Group,https://www.linkedin.com/in/carloscoronajr,Florida,Scales inbound-call campaigns and works Ringba RTB routing in South Florida.,Insurance
Charlie Morgan,SVP Voice Monetization at What If Media Group,https://www.linkedin.com/in/charlie-morgan-2167a017,New York,Owns call/voice monetization for a Fort Lee performance shop that buys and sells inbound calls,insurance
Charlotte Delacroix,Pay Per Call Marketing Manager at Best Case Leads,https://www.linkedin.com/in/charlotte-delacroix-1ba254282,Louisiana,New Orleans manager buying and selling legal inbound calls.,Legal
Chris Marcos,Founder @ Noble AdLab; ex-LucraTel,https://www.linkedin.com/in/chris-marcos-49772966,Illinois,Chicago performance shop; former VP at Skokie pay-per-call firm LucraTel.,Pay-per-call / affiliate
Chris Roberts,Managing Partner at Legal Advocate Group,https://www.linkedin.com/in/chris-roberts-9b5a2713,New York,NY operator buying ACA and legal calls and posting live CPA backing,legal
Christian Wald,President ads2call.com,https://www.linkedin.com/in/christian-wald-684695113,Arizona,Scottsdale president of a pay-per-call marketing company,pay-per-call
Christopher Annis,Performance marketer (ex-Invoca stack),https://www.linkedin.com/in/christopherjannis,,Grew health-insurance lead/call buying from Cake/Invoca to Boberdoo.,Insurance
Christopher Cline,COO @ CallCore Media,https://www.linkedin.com/in/christophercline1,Florida,2x Ringba GOAT; uses Ringba Five9 YTEL while running Medicare/solar media buying.,Insurance / solar / education
Christopher M. Monski,CEO and Founder at Crankshaft.ai,https://www.linkedin.com/in/monski,Florida,Generates AI-qualified consumer-initiated inbound calls for final expense.,Insurance
Clyde Bosch,Pay Per Call Sales Specialist,https://www.linkedin.com/in/clyde-bosch-375879114,Washington,Issaquah specialist selling in-house and publisher pay-per-call traffic,pay-per-call
Cole Morris,Co-Founder @ Zealous Growth; ex-Fuego Leads,https://www.linkedin.com/in/wcolemorris,Ohio,Built call-routing and lead-buying engines at Columbus Fuego Leads.,Insurance / Medicare
Dan Osadchiy,Affiliate Account Manager @ Marketcall,https://www.linkedin.com/in/dan-osadchiy-0a683720a,,Day-to-day Marketcall affiliate reporting. Tool buyer or champion.,Pay-per-call network
Daniel Altman,SVP Marketing @ Fuego Leads,https://www.linkedin.com/in/danaltman,Ohio,Owns performance marketing for a Columbus Medicare call marketplace.,Insurance / Medicare
Daniel Brown,CEO at Freedom Marketing Group,https://www.linkedin.com/in/daniel-brown-81b2741a2,Texas,Austin CEO delivering pay-per-call and live transfers for Medicare and ACA.,Insurance
Daniel Francis,Founder & CEO at Ragnar Media Group,https://www.linkedin.com/in/daniel-francis-56b566214,Washington DC,DC-Baltimore media buyer whose company exists to generate inbound phone calls,home services
Daniel Queroli,Affiliate Manager @ Aragon,https://www.linkedin.com/in/daniel-queroli-b2a394137,,Looking for direct media buyers in ACA auto FE pest and remodeling.,Insurance / home services
Daniel Sorenson,Co-founder @ Fuego Leads,https://www.linkedin.com/in/sorensondaniel,Ohio,Built Fuego media-buying call-center and routing tech in Columbus.,Insurance / Medicare
Darrell Nesbitt,Pay-per-call affiliate and media buyer,https://www.linkedin.com/in/darrell-nesbitt-273b74302,South Carolina,Charleston affiliate actively seeking pay-per-call buyers and networks.,Performance
Darryl Janes,Founder @ LeadsLocator.com,https://www.linkedin.com/in/darryl-janes-70113813,Missouri,Lees Summit exclusive inbound calls and live transfers for home services.,Home services
Daryl Goldstein,Pay-per-call marketer for insurance verticals,https://www.linkedin.com/in/darylgoldstein,Georgia,Atlanta operator generating in-house inbound calls for Medicare U65 and auto.,Insurance
Daud Abdi,Founder & CEO @ VitalCalls,https://www.linkedin.com/in/daud-abdi-5683ab292,Minnesota,St Cloud operator claiming $3.5M+ pay-per-call revenue for insurance agencies.,Insurance
Dave Maman,CEO @ WeCall,https://www.linkedin.com/in/dave-maman-532172ab,North Carolina,Pay-per-call agency CEO focused on compliant high-converting calls and ROI.,Insurance / home services
David Lukac,Founder at Outperform Agency,https://www.linkedin.com/in/david-lukac-81a199243,Florida,Runs a Miami pay-per-call agency that generates inbound calls at scale.,Insurance
David Reilly Jr,Founder at Leadminerr / Salespromis,https://www.linkedin.com/in/david-reilly-jr-389914235,Florida,Built a national pay-per-call engine for insurance home services and healthcare.,Insurance
David Stephen Noad,Founder Noad Media,https://www.linkedin.com/in/davidnoad,California,Laguna Beach founder running multi-vertical pay-per-call campaigns,home_services
David Wilson,President of Marketing @ Own Empires LLC,https://www.linkedin.com/in/david-wilson-983861318,Ohio,Dublin pay-per-call shop for home services insurance and legal inbound.,Home services / insurance / legal
Davide,Senior media buyer — ACA Medicare debt tax inbound,https://www.linkedin.com/in/davide-buyer,,High-volume social inbound-call buyer. Quality vs spend is the job.,Insurance / debt
Deepinder Singh Sidhu,Co-Founder @ Media Buying Agency,https://www.linkedin.com/in/deepinder-singh-sidhu-799b68a8,,Architected Ringba Retreaver Invoca routing; $120M+ spend across call verticals.,Insurance / legal / travel / home services
Denine Del Priore,Inbound Call Lead Gen at MDP Consulting / TradeMarc,https://www.linkedin.com/in/pay-per-call-leads,Pennsylvania,Philadelphia seller of Google/Meta/TV inbound calls billed on qualified duration,insurance
Devendra Tiwari,Founder & CEO at E Tech Call Solutions,https://www.linkedin.com/in/devendra-tiwari-a1054411b,Florida,Orlando operator running pay-per-call CPA and CPL campaigns.,Insurance
Diane Perez,Affiliate Marketing Manager at Ping Call,https://www.linkedin.com/in/diane-perez-6b448b233,New York,NY affiliate manager publicly buying ACA auto Medicare and debt inbound calls,insurance
Donald Dean,CEO 1440 Solutions,https://www.linkedin.com/in/donald-dean-b13a7216,Arizona,Scottsdale inbound-call generation and call-center operator,inbound
Doug Johnson,VP Demand Call Solutions at Fluent,https://www.linkedin.com/in/dougejohnson,New York,Ran Fluent's call-solutions demand desk for Medicare and ACA buyer capacity,insurance
Eden Ben-Aroya,Media Buyer LeadBuyerHub,https://www.linkedin.com/in/eden-ben-aroya-65a46a300,Nevada,Las Vegas media buyer running scalable pay-per-call campaigns,inbound
Edward Shakur,Operator at CallstarLLC,https://www.linkedin.com/in/edward-shakur-a80b602a7,Georgia,Atlanta marketer at a pay-per-call shop connecting callers to businesses.,Performance
Elijah Canfield,Billy.com operator / founder,https://www.linkedin.com/in/elijahcanfield,,Built Billy around systems and data feedback loops for inbound calls.,Home services / insurance / legal
Enric Sabaté,Founder at Henry Ads Factory,https://www.linkedin.com/in/enricsab,Florida,Runs a Coral Gables factory that buys media for inbound calls.,Performance
Erik Jones,Media Buyer at Fluent,https://www.linkedin.com/in/erik-jones-71667058,New York,NYC media buyer at a call-and-lead acquisition shop headquartered in New York,insurance
Fadi Agour,Founder & CEO @ Real Performance Marketing,https://www.linkedin.com/in/fadiagour,Texas,7x Inc. 5000 pay-per-call shop for legal insurance debt and home services.,Legal / insurance / debt / home services
Fatima Al-mazrui,Principal Managing Partner @ Pay Per Call Global,https://www.linkedin.com/in/fatima-al-mazrui%E2%AD%90%EF%B8%8F-095431108,Illinois,Chicago PPC network across insurance debt finance home services and legal.,Insurance / debt / home services / legal
Fred Lovine,Founder & President @ 99 Calls,https://www.linkedin.com/in/fredlovine,,Exclusive local-service inbound leads. Reporting simplicity is the hook.,Home services / local
Gabe Bletnitsky,CEO & Founder @ Call Trader,https://www.linkedin.com/in/gabebletnitsky,California,Consumer-initiated inbound and warm-transfer shop for insurance and finance.,Insurance / finance
Gary Sadowski,National Pay-Per-Call Director @ Searcholo.com,https://www.linkedin.com/in/gary-sadowski-74a43510,Kentucky,National PPC director; Bowling Green State / Ohio-trained operator.,Pay-per-call
Gede Adi Aryanata,US media buyer (Ringba),https://www.linkedin.com/in/gede-adi-aryanata,,Manages $700k+/mo US spend; uses Ringba for Medicare home-reno solar ACA calls.,Insurance / home services / solar
Gina Lee De Freitas,President Visiqua and Local Hero,https://www.linkedin.com/in/glee55,Colorado,Boulder president of a performance shop that acquires via calls,performance
Hagin Onyango,Founder & COO at Acquire IQ / Momentum Max,https://www.linkedin.com/in/hagin101,Florida,Operates pay-per-call traffic for ACA Medicare and auto from Miami.,Insurance
Hannah Ruberto,Media Buyer Loop Marketers,https://www.linkedin.com/in/hannah-ruberto-a53240243,Colorado,Denver media buyer who attended Contact.io for pay-per-call,inbound
Haseeb Zulfiqar,Pay-per-call specialist @ Lead Smart Inc.,https://www.linkedin.com/in/haseeb-zulfiqar-376643343,Illinois,Uses Ringba and Invoca for legal insurance and home-services inbound routing.,Legal / insurance / home services
Heather N. Quinlisk,Senior Marketing Manager formerly Affiliate Partner Manager at eLocal,https://www.linkedin.com/in/heatherquinlisk,Pennsylvania,Philadelphia marketer who ran eLocal affiliate partner intake for pay-per-call,home services
Hector Cabral,SVP 5 Mile Media,https://www.linkedin.com/in/hector-cabral-9ab4a117,California,Pasadena SVP at a cost-per-call performance agency,home_services
Hector Ortiz,Founder & CEO at Agent Calls,https://www.linkedin.com/in/hector-ortiz-30b774245,Texas,Dallas founder generating high-intent inbound calls for final-expense agents.,Insurance
Helena Traslavina,Media Buyer for pay-per-call finance campaigns,https://www.linkedin.com/in/helena-traslavina-933a00149,Texas,Austin buyer who managed six-figure daily pay-per-call budgets for lending.,Finance
Hen Krivinsky,President at RealTalk Marketing,https://www.linkedin.com/in/hen-krivinsky-8a0b9717a,Florida,Sells insurance inbound calls and live transfers plus legal call traffic.,Insurance
Hetal Agrawal,Junior Media Buyer @ Heart of Tech,https://in.linkedin.com/in/hetal-agrawal-4a6588340,,Tracks US insurance pay-per-call performance in Ringba while buying Meta/Google.,Insurance
Holly C.,Founder @ PPC Media Services,https://www.linkedin.com/in/holly-cruz,,Generates 10k inbound calls/month across insurance legal finance.,Insurance / legal / finance
Hunter Herriman,Owner @ 18x call media LLC,https://www.linkedin.com/in/hunter-herriman-540270205,Michigan,Swartz Creek home-improvement and U65 inbound operator; Ringba user.,Home services / insurance
Ian Burton Price,CEO at The Call Architect,https://www.linkedin.com/in/ianbprice,Florida,Designs Ringba and TrackDrive routing systems for pay-per-call operators.,Performance
Ikechukwu Ezueh,Founder & CEO at One Pillarmark Media,https://www.linkedin.com/in/ikezueh,Florida,Leads a Port St. Lucie pay-per-call network across ACA Medicare and auto.,Insurance
Ilya B,Senior media buyer (Ringba / Retreaver),https://ru.linkedin.com/in/ilya-b-65453011b,,Sets up Ringba and Retreaver call tracking for insurance and solar Facebook campaigns.,Insurance / solar
Ilya Koshal,Senior Media Buyer @ Marketcall,https://www.linkedin.com/in/ilya-koshal-4374a7278,,Bought US health-insurance Medicare and mortgage campaigns for Marketcall.,Insurance / mortgage
Irfan Ahmed,Founder & CEO @ WorldLink Enterprises,https://www.linkedin.com/in/irfan2009,,Building a US pay-per-call marketplace across solar home improvement and insurance.,Insurance / solar / home services
Isha Kalathiya,Media Buyer at EBS Media,https://www.linkedin.com/in/isha-kalathiya,New York,NYC-metro buyer running Medicare ACA FE and auto pay-per-call plus lead-gen spend,insurance
Jacob Hadad,CEO at BH Network,https://www.linkedin.com/in/jacob-hadad-144932191,Florida,Delivers exclusive inbound calls to home-service companies from Sarasota.,Home Services
Jaime Morales,Medicare inbound operator @ Gorilla Marketers,https://www.linkedin.com/in/jaimemoralesofficial,Illinois,Chicago seller of Medicare and Spanish inbound calls generated in-house.,Insurance
Jake Carpey,Founder Social Up Media,https://www.linkedin.com/in/jakecarpey,California,LA operator of inbound live-transfer and pay-per-call campaigns,insurance
Jake Sheppard,Chief Product Officer at Aragon Advertising,https://www.linkedin.com/in/jakesheppard,New York,Aragon CPO in Brooklyn building call routing and Aria outcome tracking on top of PPC volume,home services
James Bennett,Performance marketer at Quintessa Marketing,https://www.linkedin.com/in/james-basic,Oklahoma,Oklahoma City marketer credited for scaling legal pay-per-call campaigns.,Legal
James M.,PPCall Media Buyer Manifest Partners,https://www.linkedin.com/in/james-collins-mitchell,California,Palmdale media buyer/publisher for mass tort MVA and insurance calls,legal
James Reupert Umerez,Analyst at iClickInteractive,https://www.linkedin.com/in/jumerez,Georgia,Atlanta analyst running affiliate pay-per-call inbound and live-transfer campaigns.,Insurance
Jamie Sutton,CSO Local Hero / Visiqua,https://www.linkedin.com/in/jamiesutton,Colorado,Boulder strategy lead for Visiqua call/lead marketplace,performance
Jason Jeune,Account Executive at One Pillarmark Media,https://www.linkedin.com/in/jason-jeune-ba42582b9,Florida,Sells ACA and insurance inbound calls and live transfers for a Florida PPC network.,Insurance
Jason Williams,Owner Media Buyer at Advent Media Group,https://www.linkedin.com/in/jasonwilliamsmarketing,Florida,Orlando media buyer running pay-per-call and direct-response campaigns.,Mixed
Jasper S.,Inbound Medicare Calls,https://www.linkedin.com/in/jasper-s-4a15b7171,Colorado,Denver operator buying/selling Medicare inbound calls and transfers,medicare
Jeff Paradise,CEO at eLocal,https://www.linkedin.com/in/jeffparadise,New York,CEO of a Conshohocken pay-per-call network selling home-services legal and medical calls,home services
Jeffrey E.,VP of Sales @ Inbounds.com,https://www.linkedin.com/in/jeffreyelias,,Hiring affiliate managers. Legal insurance finance inbound calls.,Legal / insurance / finance
Jeffrey M.,The Client Connector,https://www.linkedin.com/in/jeff-the-client-connector,Nevada,Las Vegas seller of exclusive live inbound home-services calls,home_services
Jennifer Edwards,Affiliate / Pay-Per-Call at Axad Capital,https://www.linkedin.com/in/jennifer-edwards-698363171,New York,Greater NYC Axad operator who posted buying auto debt Medicare and final-expense inbound calls,insurance
Jennifer Mansfield,CEO at Rya Digital,https://www.linkedin.com/in/jenmansfield,Texas,Austin founder whose O&O sites generate insurance clicks calls and leads.,Insurance
Jim Banks,Founder @ Spades Media / Elite Media Buyers,https://www.linkedin.com/in/jimbanks,,Agency owner who helps scale lead-gen and pay-per-call campaigns.,Pay-per-call / PPC
Jim Pastirmatzis,CMO Partner Loop Marketers,https://www.linkedin.com/in/jimpst,California,Anaheim-based PPC agency partner in debt legal and insurance,debt
Jim Quirk,VP Business Development at Legal Advocate Group,https://www.linkedin.com/in/jim-quirk-8b107711,New Jersey,Ocean City NJ seller of mass-tort MVA and SSDI pay-per-call inbounds and transfers,legal
Joe Lanno,Pay-Per-Call Insurance Sales (Contactability / RevenueAds / DoublePositive),https://www.linkedin.com/in/joelanno,Massachusetts,Boston seller of insurance calls live transfers and click-to-call across multiple PPC shops,insurance
Joey Anderson,NLBB Call Network operator,https://www.linkedin.com/in/joey-a-i,Wisconsin,Buys home-services inbound calls with RTB static buyers and routing backstops.,Home services / insurance / legal
John Edwards,CEO & Founder at MarketsCall,https://www.linkedin.com/in/john-edwards-601145220,Texas,Gonzales operator buying and selling inbound calls across insurance and home services.,Insurance
John Krawczyk,Pay-Per-Call Consultant at Axad Capital,https://www.linkedin.com/in/john-krawczyk-lfg,New York,Ringba GOAT who built and sold a $10M+/yr call shop; still buys/sells insurance and home-services calls,insurance
John LTS,Founder @ Lead Transfer System,https://www.linkedin.com/in/leadtransfersystem,,Runs a live-transfer call center across insurance mortgage debt and legal.,Insurance / mortgage / debt / legal
John M. Gachanja,CEO at Kentrust Capital,https://www.linkedin.com/in/john-m-gachanja-9465531b1,Florida,Jacksonville national buyer of TCPA-compliant inbound insurance and home-service calls.,Insurance
John Ventura,Founder & CEO at Adsync Media,https://www.linkedin.com/in/johnmventura,Florida,Miami agency generating high-intent inbound calls for insurance and home services.,Insurance
Jon Greenberg,Pay-Per-Call / CPA Legal Marketing at Your Case Counts,https://www.linkedin.com/in/greenbergjon,Washington DC,DC-Baltimore operator selling in-house Meta/Google/streaming inbound legal calls on PPC or CPA,legal
Jordan Hoppel,Founder & CEO at Call Viral,https://www.linkedin.com/in/jordan-hoppel-707b7b24a,Florida,Operates a performance pay-per-call shop connecting businesses to high-intent callers.,Insurance
Jordan P,Founder & CEO @ Crossblade Media,https://www.linkedin.com/in/jordansnowcbm,Florida,Miami pay-per-call founder generating inbound calls for clients.,Pay-per-call
Jordann Dennee,Affiliate Manager ifficient,https://www.linkedin.com/in/jordann-dennee-96b392133,Arizona,Gold Canyon affiliate manager who buys and sells inbound calls,insurance
Joseph LaFleur,Director-level PPC / affiliate operator,https://www.linkedin.com/in/jolafleur,,15 years publisher plus network PPC. Campaign management buyer relations routing.,Pay-per-call / affiliate
Josh Gillon,CEO at What If Media Group,https://www.linkedin.com/in/josh-gillon-7465114,New Jersey,Fort Lee CEO of a performance shop with a dedicated voice/call monetization P&L,insurance
Joshua Conklin,SmartLeads Media,https://www.linkedin.com/in/joshuaconklin,,Generates PPC live-call transfers across FE ACA Medicare auto and debt.,Insurance / debt / solar
Joshua Duran,CEO Get Called,https://www.linkedin.com/in/getcalledceo,California,Corona inbound-call agency that sells pay-per-call growth,inbound
Julia P.,Operator at Ringlab Media,https://www.linkedin.com/in/juliaprohoda,Louisiana,New Orleans teammate placing HVAC and travel inbound calls for Ringlab.,Home Services
Julian Smith,Operator at AdReplica,https://www.linkedin.com/in/julian-smith-583411357,North Carolina,Charlotte pay-per-call broker matching insurance buyers with inbound traffic.,Insurance
Justin B.,Senior Performance Marketer at WeCall,https://www.linkedin.com/in/brewer051,North Carolina,Raleigh marketer managing inbound-call spend for healthcare and home services.,Insurance
Justin Hess,Owner at Real Time Lead Gen,https://www.linkedin.com/in/realtimeleadgen,Pennsylvania,Bloomsburg founder selling exclusive restoration pay-per-call to local contractors,home services
Justin Surkes,CEO at Calling Edge,https://www.linkedin.com/in/justin-surkes-b8671514b,Florida,Tampa operator generating Medicare and final-expense call volume.,Insurance
kamran Y.,Business Development Manager at AcomoDigital,https://www.linkedin.com/in/kamran-y-3428b8365,Kentucky,Florence BDM selling Jornaya-tokened live transfers for FE auto and home.,Insurance
Karlie Gurela,Performance Marketing Strategist at Spring Venture Group,https://www.linkedin.com/in/karlie-gurela,Texas,Austin affiliate and media buyer sourcing legal and insurance inbound calls.,Insurance
Kathy Krahn,Pay-per-call marketer @ Performance Based Marketing,https://www.linkedin.com/in/kathy-krahn-94323620,Minnesota,Cottage Grove operator at a Woodbury pay-per-call lead-gen shop.,Pay-per-call / lead gen
Kaustubh Bhat,Senior media buyer / Ringba + Retreaver,https://www.linkedin.com/in/kaustubh-bhat-5073b2204,,Sets up Ringba campaigns and reports performance to buyers. Reporting pain is daily.,Insurance / flights
Kevin De Vincenzi,CEO Rapid Response Marketing Elite-Calls,https://www.linkedin.com/in/xy7com,Nevada,Las Vegas operator of invitation-only inbound pay-per-call network,performance
Kevin Perkins,Operator at NLBB Marketing Group,https://www.linkedin.com/in/kevinsperkins,North Carolina,Chapel Hill marketer whose shop sells pay-per-call and call-center solutions.,Home Services
Kevin Rey,CEO at BrokerPulse Media,https://www.linkedin.com/in/kevin-rey-083423239,Florida,St. Petersburg buyer actively purchasing ACA Medicare and debt inbound calls.,Insurance
Khawar Abbasi,CEO @ Pegasus-Leads,https://www.linkedin.com/in/khawarabbasi-1806,,Scales insurance and home-services pay-per-call and inbound lead gen.,Insurance / home services
Kim Howard,CFO @ WeCall,https://www.linkedin.com/in/kim-howard-458713255,,Finance owner of call economics. Slack ROI is a finance conversation.,Pay-per-call agency
Kirby Thornton,Performance marketer at TI Marketing,https://www.linkedin.com/in/kirby-thornton-38775a13,Tennessee,Memphis operator driving inbound pay-per-call for Medicare ACA and auto.,Insurance
Kirstyn Burns,Founder & CEO @ Adolicious,https://www.linkedin.com/in/kirstyn-burns-9962b819b,,PPC network founder routing campaigns on TrackDrive.,Insurance / legal / finance
Kristi Terpstra,Pay Per Call Director @ Xanadu Marketing,https://www.linkedin.com/in/kristi-terpstra-069a94146,Michigan,Grand Rapids PPC director buying and placing inbound campaigns.,Education / auto / finance
Kristine Suarez,Publisher Network Manager @ Billy.com,https://www.linkedin.com/in/kristine-suarez-232bbb232,,Recruits publishers selling ping/post and inbound calls.,Home services / insurance
Kurt Owen,Media Buyer at B-452,https://www.linkedin.com/in/the-ai-growth-pro,Florida,Orlando buyer running insurance and home-improvement call campaigns.,Insurance
Larry Morgan,Pay-per-call campaign operator,https://www.linkedin.com/in/larry-morgan-chicago,Illinois,Chicago operator who scaled inbound PPC across insurance finance home services and debt.,Insurance / finance / home services / debt
Leonardo Danconia,CEO & Co-Founder @ Inbounds.com,https://www.linkedin.com/in/leo-danconia,,Legal insurance finance inbound-call shop. Multi-channel reporting fit.,Legal / insurance / finance
Lianne Kelbert,Pay-per-call affiliate operator @ eLocal,https://www.linkedin.com/in/lianne-marie-palazzolo,,Designs data-driven PPC campaigns across insurance legal and home services.,Insurance / legal / home services
Libby K.,Co-Founder @ EvolveTech Innovations / Client Boost,https://www.linkedin.com/in/libby-g-kramer,Indiana,Indianapolis/Noblesville pay-per-call and inbound lead-gen co-founder.,Healthcare / property services
Linda Neering,Network operations at OFFERweb,https://www.linkedin.com/in/linda-neering-7b87a323,North Carolina,Gastonia operator running inbound call flow on Invoca and TrackDrive.,Insurance
Lisa Mack,President & CEO @ MultiLinked Media,https://www.linkedin.com/in/lisa-mack-b8b6b71a6,Indiana,Bloomington buyer of U65 Medicare Advantage and auto inbound calls.,Insurance
Liza Schubert,Network Director Pay Per Call at Astoria Company,https://www.linkedin.com/in/liza-schubert-6597b624,New Jersey,Saddle River operator running 150+ Invoca pay-per-call offers and buying locksmith insurance and debt inbounds,insurance
Logan Fairchild,Director of Pay Per Call ifficient,https://www.linkedin.com/in/loganfairchildd,Colorado,Denver lead generating 3000+ daily inbound calls and warm transfers,insurance
Ludisley La Torre,VP Paid Lead Generation (Ringba Retreaver TrackDrive),https://www.linkedin.com/in/ludilatorreh,,AmeriLife-scale Medicare/ACA/FE acquisition using Ringba Retreaver TrackDrive.,Insurance
Marc Del Priore,Founder at TradeMarc Global / TM Global,https://www.linkedin.com/in/mca-aged-data,Pennsylvania,King of Prussia operator selling Google inbound calls and live transfers for insurance debt legal and home services,insurance
Marc Volza,Network Director @ WeCall,https://www.linkedin.com/in/marc-volza-388132b7,,Affiliate and buyer-level performance tracking and forecasting. ROI bot fits.,Pay-per-call network
Margarita Aguirre,Affiliate Manager at Ping Call / Global Telecom Investors,https://www.linkedin.com/in/margarita-aguirre-402930260,New York,NY affiliate manager generating in-house debt tax and health-insurance inbound calls,insurance
Mark A.,COO / Ringba + Leadspedia ops,https://www.linkedin.com/in/mark-a-57917846,,Owns day-to-day call monetization ops across Ringba Leadspedia and Everflow.,Pay-per-call ops
Mark Palterovich,CEO @ Fuego Leads,https://www.linkedin.com/in/markpalterovich,Ohio,Columbus health-insurance call and lead acquisition operator.,Insurance / Medicare
Marty Shea,Pay-Per-Call BD at Aragon / Billy.com,https://www.linkedin.com/in/marty-shea,Pennsylvania,Philadelphia operator who managed $8.5M+ advertiser revenue in home-services legal and insurance calls,home services
Mason Hewitt,Co-Founder & CEO at Connect Streams,https://www.linkedin.com/in/mason-hewitt-9a9a383,South Carolina,Charleston founder turning leads into consumer-initiated inbound Medicare calls.,Insurance
Matt Mockus,President ifficient,https://www.linkedin.com/in/matt-mockus-21366a178,Colorado,Denver president of a performance shop that buys and sells inbound calls,inbound
Matthew M.,Founder @ Mora Marketing,https://www.linkedin.com/in/matthew-morawa,,Uses Ringba to optimize ACL and call quality for Medicare and auto inbound.,Insurance
Matthew Scott,Bid on Calls inbound buyer,https://www.linkedin.com/in/matthew-scott-171004311,,Buys ACA and FE inbound; posts payouts and seeks Google/TikTok media buyers.,Insurance
Matthew Zivkovic,Founder @ Lead Smart Inc.,https://www.linkedin.com/in/matthew-zivkovic-sr-622a2087,Illinois,Mundelein Ringba-using network buying thousands of home-service calls a day.,Home services
MD A.,Pay-per-call buyer (ACA FE auto home SSDI),https://www.linkedin.com/in/md-a-68425b39,,Actively buying inbound calls and live transfers across insurance verticals.,Insurance / home services
Md Yasin Arafat,Founder & CEO @ DOPPCALL,https://www.linkedin.com/in/yasinpromarketer,,Pay-per-call network posting daily. Rehab legal insurance debt.,Rehab / legal / insurance
Micah Berkley,Performance marketer using Ringba + voice AI,https://www.linkedin.com/in/micahberkley,Florida,Posted using Ringba and voice AI to lift inbound-call conversions.,Pay-per-call
Michael Gustin,CEO @ Calltofic,https://www.linkedin.com/in/michaeltgustin,Colorado,Pay-per-call operator brokering and generating inbound calls with intent scoring.,Insurance / home services
Michael Lee,Owner at Business Growth Media Marketing,https://www.linkedin.com/in/michael-lee-2780b11,Massachusetts,Weymouth operator selling online pay-per-call (not PPC clicks) to MA personal-injury firms,legal
Michael Stankus,Sr. Account Executive at eLocal,https://www.linkedin.com/in/michael-stankus-a33958b5,Pennsylvania,Greater Philadelphia seller of eLocal pay-per-call programs to contractors and law firms,home services
Mighty Inyang,Founder @ LeadSwitch / LiveReply,https://www.linkedin.com/in/mightyinyang,,15 years buying Meta/Google/PPC. Built a final-expense call network.,Insurance / finance
Mike Barreca,Media buyer using Ringba,https://www.linkedin.com/in/mikebarreca,California,Scaled multi-platform spend with Ringba call tracking for full revenue visibility.,Direct response / inbound
Mike Kerry,Network Manager at Convert2Media,https://www.linkedin.com/in/mikekerry1,Florida,Orlando network manager at a performance shop that has run pay-per-call traffic.,Performance
Mike Morreale,Senior Buyer at Datalot,https://www.linkedin.com/in/mike-morreale-ab1956a5,New York,Named Brooklyn insurance call/lead buyer at Datalot/Centerfield,insurance
Mike Myles,SVP Found Performance / Myles Marketing,https://www.linkedin.com/in/mike-myles-298a7913,Arizona,Scottsdale operator posting LeadsCon pay-per-call deal flow,insurance
Mike Todd,President @ Calls By Brand,https://www.linkedin.com/in/mikewtodd,Nevada,Las Vegas inbound lead-gen shop specializing in pay-per-call programs.,Pay-per-call / inbound
mikky Sharma,Senior media buyer — PPC / Medicare,https://www.linkedin.com/in/mikky-sharma-910a57134,,Medicare and PPCALL buyer across Google Bing Meta.,Medicare / flights
Mohammad M. Mamun,CEO at Pay Per Call Program,https://www.linkedin.com/in/mohammad-m-mamun-345a642a1,New York,NYC founder generating insurance roofing plumbing and mass-tort inbound calls,insurance
Muchoki Abrahams,Director of Media Buying at Datalot,https://www.linkedin.com/in/muchoki-abrahams-8917407,New York,Brooklyn buyer who spent $10M+/yr on insurance search/social feeding inbound calls and leads,insurance
Muhammad Fahad Shahzad,Founder & CEO @ Webster Solution LLC,https://www.linkedin.com/in/mark-webster97,Illinois,Homewood shop buying and selling inbound calls across insurance and home services.,Insurance / home services / flights
Muhammad Tahir,Owner Expert Solution Media,https://www.linkedin.com/in/muhammad-tahir-5552182b6,Arizona,Mesa/Phoenix PPC and live-transfer lead factory,inbound
Muhammad Tahir Shehzad,Pay-per-call publisher,https://www.linkedin.com/in/muhammad-tahir-shehzad-342369a3,,Publisher of exclusive US inbound across moving home services finance insurance legal.,Home services / insurance / legal / finance
Muhib Ali Raza,Founder & CEO @ Edge One Communications,https://www.linkedin.com/in/muhib-ali-raza,Missouri,Harrisonville insurance inbound-call shop across Medicare ACA auto and FE.,Insurance
Muteeb Malik,CEO & Founder @ Zero-X Advertising,https://www.linkedin.com/in/muteeb-malik-b69056321,Missouri,Kansas City-HQ shop generating insurance inbound and live-transfer calls.,Insurance
Nadav Slutzky,VP / CEO Europe @ WeCall,https://www.linkedin.com/in/nadav-slutzky-60873553,,Runs WeCall RTB budgets across in-app native and CTV for US healthcare.,Insurance / CTV
Nate Walsh,Senior Account Manager Digi-Advert,https://www.linkedin.com/in/nate-walsh-339090277,Utah,Salt Lake City buyer of inbound HVAC debt and insurance calls,home_services
Nathan Kay,Founder & CEO at Routix,https://www.linkedin.com/in/jnathankay,Tennessee,Memphis CEO generating exclusive inbound calls after years as a Blue Cord media buyer.,Insurance
Nathaniel Bradley,President 5 Mile Media,https://www.linkedin.com/in/nate5mm,California,Agoura Hills/Pasadena president of an agency with a pay-per-call practice,home_services
Ned Silvertone,VP of Marketing at DoublePositive,https://www.linkedin.com/in/ned-silvertone-a083b374,Maryland,Baltimore marketing lead at a live-transfer/contact-management shop,insurance
Nicholas Biundini,CEO at bought media,https://www.linkedin.com/in/nicholas-biundini-86740326b,Florida,Building a Miami pay-per-call shop for home services auto and ACA.,Insurance
Nick Davies,Associate Director Aragon Advertising,https://www.linkedin.com/in/nickdavies100,California,Corona affiliate lead buying and selling consumer-initiated inbound calls,multi
Nick Lyons,Founder & CEO at OmniLabs Marketing,https://www.linkedin.com/in/omnilabsmarketing,Florida,Runs pay-per-call acquisition for insurance through CPA networks.,Insurance
Nick Wilson,Senior Media Buyer at WeGenerate,https://www.linkedin.com/in/nick-wilson-172756276,Florida,Miami media buyer whose expertise is lead gen and pay-per-call campaigns.,Insurance
Nikhil R.,CTO @ WeCall,https://www.linkedin.com/in/nikhilrajpal96,,Builds the acquisition engines that turn paid media into inbound calls.,Pay-per-call / paid media
Nikky Bernier,Founder at Call Lynx,https://www.linkedin.com/in/nikkybernier,Florida,Founder generating consumer-initiated inbound calls for Medicare ACA and debt.,Insurance
Nir Algazy,Founder CEO Lead Buyer Hub,https://www.linkedin.com/in/nir-algazy,Nevada,Las Vegas founder buying exclusive inbound calls and transfers,inbound
Noah Fields,Sr Director BD Visiqua,https://www.linkedin.com/in/noah-fields-sales,Colorado,Boulder BD for a calls-clicks-leads performance shop,performance
Noah Rome,CEO Pay Per Call consulting,https://www.linkedin.com/in/noah-rome-19550b1ba,California,Anaheim CEO of a pay-per-call consulting shop,pay-per-call
Nouman Rashid,Operator at CALLERS LLC,https://www.linkedin.com/in/nouman-rashid-276435192,Kentucky,Kentucky BPO partner buying and transferring insurance and tax-relief calls.,Insurance
Obinna Ezueh,Account Executive at One Pillarmark Media,https://www.linkedin.com/in/obinna-ezueh-9a5a20240,Florida,Onboards call centers for ACA live transfers and inbound lead gen.,Insurance
Owen Reynolds,Strategic Partner at Konnect Leads,https://www.linkedin.com/in/owen-reynolds-konnectleads,Texas,Katy pay-per-call strategist placing TCPA-compliant live transfers.,Insurance
Peter Brooke,CEO @ BrokerCalls / Blue Interactive,https://www.linkedin.com/in/peterglennbrooke,Florida,Florida PPC network across insurance home services finance and flights.,Insurance / home services / finance
Peter E.,Affiliate Marketing Specialist at Loop Connect Advertising,https://www.linkedin.com/in/peter-e-6b1452203,New York,NY seller of ACA auto FE debt and home-insurance inbound/transfer calls,insurance
Peter Klein,President & Founder at AdMediary,https://www.linkedin.com/in/presidentpeterklein,New York,Plainview founder of a phone-and-web lead shop selling insurance solar mass-tort and home-improvement calls,legal
Peyton Goodrich,Co-founder at Assured Health Marketing,https://www.linkedin.com/in/peyton-goodrich-b0261321b,Florida,Delivers inbound calls and TCPA warm transfers for health insurance.,Insurance
Priyanshu Mittal,Performance marketing operator @ Clickdee,https://www.linkedin.com/in/mittalpriyanshu,,Runs Medicare FE ACA and home-services inbound-call funnels for US buyers.,Insurance / home services
Puneet G.,Pay-per-call network operator,https://www.linkedin.com/in/puneet065889,,Network buying inbound calls and warm transfers across key verticals.,Pay-per-call network
Rafia Mairaj,Pay-per-call ops consultant (TrackDrive + Retreaver),https://www.linkedin.com/in/rafia-mairaj-22b749a0,,Lives in routing QA and performance reports. Will feel 15-minute Slack updates.,Medicare / FE / SSDI / debt / home services
Ramiro Martinez,President @ Pay Per Call Store,https://www.linkedin.com/in/ramiro-martinez-0a599946,Illinois,Glenview president of a long-running pay-per-call shop.,Pay-per-call
Rashid Ali,Senior Affiliate Manager @ Macrobizz,https://www.linkedin.com/in/rashid-ali-b679ab366,,Manages pay-per-call affiliate and buyer campaigns; lives in tracking and ROI reports.,Pay-per-call
Richard P,Owner Digi Call Network,https://www.linkedin.com/in/richard-p-a439a7140,California,San Diego inbound/RTB call network for ACA Medicare and debt,medicare
Ripon Kumar,Founder CEO Ray Advertising,https://www.linkedin.com/in/riponkumarofficial,Nevada,Las Vegas PPC and inbound-call buyer for insurance and home services,insurance
Ritika Kanwar,PPC Growth Manager @ VoxCall Pro,https://www.linkedin.com/in/ritika-kanwar-959384219,,Monitors inbound-call quality and conversions in Ringba for publishers.,Insurance
Rob Houglum,Founder & CEO @ Lead Link Media,https://www.linkedin.com/in/robhouglum,Florida,Long-running Miami home-services pay-per-call shop.,Auto glass / HVAC / home services
Rohan Reddy Singireddy,Pay-per-call marketer (Ringba),https://www.linkedin.com/in/rohan-reddy-singireddy-b454302b3,,Sends high-intent inbound calls to local services via Ringba.,Medicare / ACA / debt / auto / home services
Ron McKinney,Mobile Pay Per Call Affiliate Manager,https://www.linkedin.com/in/ron-mckinney-7810b144,Arizona,Phoenix mobile pay-per-call affiliate campaign operator,affiliate
Ronnie N McCallister,Leader at CALLERS LLC,https://www.linkedin.com/in/ronnie-n-mccallister-276435192,Kentucky,Louisville operator selling paid-ad leads and live transfers on a pay-per-call basis.,Insurance
Roshaan Imran,Pay Per Call operator at Absolute Solutions ATS,https://www.linkedin.com/in/roshaan-imran-964224223,Texas,Austin operator buying ACA calls and producing 200-plus daily live transfers.,Insurance
Rosy Cleide,Business Development Manager at Techaxy,https://www.linkedin.com/in/rosycleide,South Carolina,Charleston BDM placing insurance warranty and ACA pay-per-call offers.,Insurance
Ryan Gruenwald,Owner @ AdHawk Media,https://www.linkedin.com/in/ryangruenwald,Ohio,Columbus agency owner who launched and scaled a pay-per-call program.,Pay-per-call / affiliate
Ryan Harrington,Revenue Operations Manager at HealthPlanOne,https://www.linkedin.com/in/ryan-harrington-40a956162,Connecticut,Trumbull affiliate onboarding and campaign-performance owner for Medicare acquisition,insurance
Ryan O'Planick,Sr. Account Manager at DoublePositive,https://www.linkedin.com/in/ryanoplanick,Maryland,Towson seller turning insurance-agency leads into live warm calls,insurance
Sachin Ghavali,Founder & CEO @ Revenue Click Media,https://in.linkedin.com/in/sachin-ghavali-9901ba126,,Affiliate network running PPCall for auto ACA FE Medicare SSDI and home services.,Insurance / home services
Sakshi Gupta,Affiliate media buyer (ACA / FE inbound),https://in.linkedin.com/in/sakshi-gupta2023,,Google/Meta buyer focused on ACA and final-expense inbound calls.,Insurance
Sami M,Live-transfer operator @ Link Call Network,https://www.linkedin.com/in/sami-m-738476249,Wisconsin,Sells Medicare FE home-services and MVA live transfers from Milwaukee network.,Insurance / home services / legal
Samiq Abbas,Founder at Call Squad Media,https://www.linkedin.com/in/samiqabbasshah,Texas,Austin founder generating Medicare inbound calls and live transfers.,Insurance
Santiago Romero,Founder at Sherpa Digital,https://www.linkedin.com/in/srome1,Florida,Generates and sells inbound insurance calls from Fort Lauderdale.,Insurance
Sarah Fitzgerald,Senior Account Manager @ Aragon Network,https://www.linkedin.com/in/sarah-fitzgerald-b8104455,,Places pest-control and insurance inbound volume for Aragon buyers.,Insurance / pest
Sarai Ramirez,Media buyer / hiring Ringba setup @ VenziMedia,https://www.linkedin.com/in/sarai-ramirez-3622b927a,,Hiring Ringba campaign/RTB setup; runs paid media that needs call plus spend reporting.,Pay-per-call / performance
Savannah Moore,Director of Strategic Partnerships @ WeCall,https://www.linkedin.com/in/savannah-moore-038474117,,Ex-Centerfield/Datalot insurance acquisition. WeCall partnerships.,Insurance / home services
Scott Conran,Director of Business Development at HealthPlanOne,https://www.linkedin.com/in/sconran1,Connecticut,Trumbull Medicare lead-gen and affiliate manager at a CT call-center brokerage,insurance
Scott Hirschbein,SVP Sales and Marketing 5 Mile Media,https://www.linkedin.com/in/scott-hirschbein-aa39875,California,Pasadena SVP who oversees the cost-per-call and pay-per-call desk,home_services
Scott Miller,Campaign Operations Visiqua,https://www.linkedin.com/in/scottmiller1121,Colorado,Boulder ops lead for a calls-clicks-leads acquisition agency,performance
Seth Gottlieb,Co-Founder & President at What If Media Group,https://www.linkedin.com/in/sgott,New Jersey,Fort Lee founder/president of the same call-and-media acquisition company,insurance
Seth Pikus,CEO @ Lead Smart Inc.,https://www.linkedin.com/in/seth-pikus-0a8702214,Illinois,Vernon Hills operator of Lead Smart inbound-call buying.,Home services
Shaggad Mannan,Affiliate Manager @ Marketcall; super affiliate,https://www.linkedin.com/in/shaggad-mannan-6352b841b,,Ran Google brand-bidding pay-per-call as a super affiliate.,Insurance
Shahar Almog,Founder & CEO @ RENOVETT,https://www.linkedin.com/in/shahar-almog-63301948,,Home-services pay-per-call founder generating HVAC roofing restoration calls.,HVAC / roofing / restoration
Shany Esh,PPL + PPC operator (Ringba / Retreaver),https://www.linkedin.com/in/shany-esh,,$400k+/mo budgets; Ringba routing lift 54% to 82%. Exact ROI-bot buyer.,Insurance / home services / legal
Shiraz Odhwani,Leader at Trendy Communications,https://www.linkedin.com/in/shiraz-odhwani,Texas,Dallas BPO leader selling TCPA-compliant live transfers across insurance verticals.,Insurance
Shivani R Gupta,Director of Strategy Call Trader,https://www.linkedin.com/in/shivani25,California,Call Trader/Madera Digital operator for inbound call acquisition,insurance
Shweta Kapoor,Growth Relationship Manager / Ringba ops,https://www.linkedin.com/in/shweta-kapoor-62a21550,,Runs Ringba RTB ring trees IVR and inbound/transfer campaigns.,Insurance / home services / debt / solar
Sinan Ovacik,Mobile pay-per-call / performance advertising,https://www.linkedin.com/in/sinanovacik,,Long-time mobile pay-per-call and per-inquiry advertising operator.,Pay-per-call / mobile
Stacy Luski,Director of Business Development at WeCall,https://www.linkedin.com/in/stacyluski,North Carolina,Sells WeCall pay-per-call campaigns from Charlotte.,Performance
Stan Burns,Founder at Live Calls Network / SELECT Advertising,https://www.linkedin.com/in/stan-burns-8a7786,Maryland,Bethesda founder of an inbound-call ad network for legal healthcare insurance and home services,legal
Stephanie Grainger Thomas,CEO at QSS America,https://www.linkedin.com/in/qssamerica,Tennessee,Nashville CEO whose affiliate network includes inbound and pay-per-call programs.,Performance
Steve Berns,Operator at Peak Advertising,https://www.linkedin.com/in/steveberns,Tennessee,Nashville performance marketer running inbound-call campaigns and publisher partnerships.,Performance
Steve Crisp,Pay-per-call lead generator,https://www.linkedin.com/in/steve-crisp-1767424,North Carolina,Raleigh specialist selling direct pay-per-call phone leads to attorneys and trades.,Legal
Steven Brower,Senior Affiliate Manager @ Marketcall,https://www.linkedin.com/in/stevenbrower,,Publisher recruitment and ROAS-focused pay-per-call campaign optimization.,Insurance / pay-per-call
Syed Momin,Co-Founder @ CallZone BPO Solutions,https://www.linkedin.com/in/syed-momin-0a2a24298,,Scales inbound PPC live transfers for ACA Medicare FE SSDI auto and DME.,Insurance
Talat Razeeq,Pay-per-call ops (Ringba / TrackDrive); All Star BPO Palatine,https://www.linkedin.com/in/talatrazeeq,Illinois,Runs exclusive inbound and live-transfer gen on Ringba Leadspedia and TrackDrive.,Home services / solar / insurance / MVA
Taleatha Mommsen,CEO at MiliMediaLLC,https://www.linkedin.com/in/taleatha-mommsen-97111478,Louisiana,New Orleans CEO focused on Medicare and insurance pay-per-call.,Insurance
Tamara Newman,Director of Paid Media Call Trader,https://www.linkedin.com/in/tamaramnewman,California,LA paid-media lead for inbound and warm-transfer call acquisition,insurance
Tanvirul Haidary,CEO @ D-calls.com / Founder @ Highbrow Solution,https://www.linkedin.com/in/highbrowsolution,Illinois,Runs a Greater Chicago pay-per-call marketplace and inbound campaigns.,Pay-per-call marketplace
Thomas Gatlin,Affiliate Manager @ Crossblade Media,https://www.linkedin.com/in/thomas-gatlin-aka-vipul-nayyar-2b6275167,,Buys HVAC electrician pest inbound calls for a Miami pay-per-call shop.,Home services
Thomas Payne,Affiliate Marketing Manager Quantum Leads,https://www.linkedin.com/in/thomas-payne-ql,Nevada,Henderson affiliate manager specializing in pay-per-call,affiliate
Tina Dixon,Founder at Ringlab Media,https://www.linkedin.com/in/ladesignz,Louisiana,Baton Rouge founder of a boutique pay-per-call inbound and transfer agency.,Home Services
Todd Stearn,CEO at Aragon Advertising,https://www.linkedin.com/in/toddjaredstearn,New York,Brooklyn founder of a ranked pay-per-call network that buys consumer-initiated inbounds,home services
Tom Giblin,Head of Partnerships at eLocal,https://www.linkedin.com/in/tom-giblin7,Pennsylvania,Feasterville head of partnerships selling eLocal home-services legal insurance and medical calls,home services
Tony Schomberger,Billy.com (Contact.io regular),https://www.linkedin.com/in/tony-schomberger-0044438a,,Buys/sells calls in moving solar home services insurance legal.,Home services / insurance / legal
Travis Prouty,CEO The Call Gurus,https://www.linkedin.com/in/travis-prouty-b12111a2,Arizona,Phoenix CEO of a BPO that does pay-per-call lead routing,inbound
Trevor Bryan,Founder at CallBridge Media,https://www.linkedin.com/in/trevor-bryan-70236035a,Texas,Montgomery founder selling exclusive inbound calls to local businesses.,Performance
Trevor Larsen,Founder CEO Scale Profits Now,https://www.linkedin.com/in/larsentrevor,Arizona,Phoenix founder scaling inbound-call and pay-per-call campaigns,finance
Tyler Garcia,Media Broker @ EDM Lead Network,https://www.linkedin.com/in/tyler-garcia-0962852b5,,Claims 10k+ inbound calls/day across FE Medicare ACA auto.,Insurance
Tyler Kaufman,Senior Manager Affiliate Partnerships at eLocal,https://www.linkedin.com/in/tylerkaufman1,Pennsylvania,Philadelphia affiliate lead filling eLocal's pay-per-call publisher and media-buyer roster,home services
Tyler Norling,CEO @ FlightCalls.com,https://www.linkedin.com/in/tylernorling,North Dakota,West Fargo pay-per-call affiliate marketplace for flight and travel calls.,Travel
Ujjwal Agarwal,Head of Business Development at TruLeads,https://www.linkedin.com/in/ujjwal-agarwal-043847374,Kentucky,Richmond specialist buying and selling ACA FE SSDI and Medicare calls.,Insurance
Usman Javed,Founder @ Grovlabs,https://www.linkedin.com/in/usman-javed-64983925b,Missouri,Kansas City pay-per-call network across eight insurance and home-services verticals.,Insurance / home services
Vincent DeMayo,COO at Legal Advocate Group,https://www.linkedin.com/in/vincent-demayo-3831b927,New Jersey,Englishtown operator delivering 25-100 legal calls/leads a day to law firms,legal
Viv Wal,Co-Founder & CEO @ Callflowmarket,https://www.linkedin.com/in/viv-wal-32175226a,,Runs a managed pay-per-call network across insurance legal debt and home services.,Insurance / legal / debt / home services
Vlad Raush,Founder at Scale Calls LLC,https://www.linkedin.com/in/vlad-raush,Florida,Seven-figure media buyer generating millions of inbound calls from West Palm Beach.,Performance
Yahya Khan,Pay-per-call / TrackDrive operator,https://www.linkedin.com/in/yahya-khan-337312229,,Runs full call-flow cycles on TrackDrive: routing buyer setup and reporting.,Pay-per-call / call tracking
Yotam Noyman,Chief of Operations EMEA @ WeCall,https://www.linkedin.com/in/yotamnoyman,,WeCall RTB/programmatic ops. Multi-channel call plus spend visibility.,Pay-per-call / RTB
Zachary Ramirez,CEO Calldrive,https://www.linkedin.com/in/zacharyramirez,California,Orange County PPC founder delivering live inbound calls and transfers,debt
Zack Bloom,Pay-per-call operator / Point MTK,https://www.linkedin.com/in/paypercallguru,,Publicly buying auto-insurance calls and life-insurance leads; Contact.io/ASE regular.,Insurance
Zaryab Sajid,BD Manager @ 499 Group,https://www.linkedin.com/in/zaryab-sajid-89071a209,,Scales inbound PPCall with Ringba Phonexa Everflow.,Home services / legal / insurance
