name,title_company,linkedin,state,why_outreach,vertical
David Lukac,Founder at Outperform Agency,https://www.linkedin.com/in/david-lukac-81a199243,Florida,Runs a Miami pay-per-call agency that generates inbound calls at scale.,Insurance
Jordan Hoppel,Founder & CEO at Call Viral,https://www.linkedin.com/in/jordan-hoppel-707b7b24a,Florida,Operates a performance pay-per-call shop connecting businesses to high-intent callers.,Insurance
Jason Jeune,Account Executive at One Pillarmark Media,https://www.linkedin.com/in/jason-jeune-ba42582b9,Florida,Sells ACA and insurance inbound calls and live transfers for a Florida PPC network.,Insurance
Ikechukwu Ezueh,Founder & CEO at One Pillarmark Media,https://www.linkedin.com/in/ikezueh,Florida,Leads a Port St. Lucie pay-per-call network across ACA Medicare and auto.,Insurance
Barbara Chen-Hemmings,Managing Partner at One Pillarmark Media,https://www.linkedin.com/in/barbara-chen-hemmings-7117bb301,Florida,Manages pay-per-call insurance campaigns and buyer partnerships.,Insurance
Obinna Ezueh,Account Executive at One Pillarmark Media,https://www.linkedin.com/in/obinna-ezueh-9a5a20240,Florida,Onboards call centers for ACA live transfers and inbound lead gen.,Insurance
Vlad Raush,Founder at Scale Calls LLC,https://www.linkedin.com/in/vlad-raush,Florida,Seven-figure media buyer generating millions of inbound calls from West Palm Beach.,Performance
Jason Williams,Owner Media Buyer at Advent Media Group,https://www.linkedin.com/in/jasonwilliamsmarketing,Florida,Orlando media buyer running pay-per-call and direct-response campaigns.,Mixed
Carlos Corona,Founder at UNIK Media Group,https://www.linkedin.com/in/carloscoronajr,Florida,Scales inbound-call campaigns and works Ringba RTB routing in South Florida.,Insurance
David Reilly Jr,Founder at Leadminerr / Salespromis,https://www.linkedin.com/in/david-reilly-jr-389914235,Florida,Built a national pay-per-call engine for insurance home services and healthcare.,Insurance
Jacob Hadad,CEO at BH Network,https://www.linkedin.com/in/jacob-hadad-144932191,Florida,Delivers exclusive inbound calls to home-service companies from Sarasota.,Home Services
Santiago Romero,Founder at Sherpa Digital,https://www.linkedin.com/in/srome1,Florida,Generates and sells inbound insurance calls from Fort Lauderdale.,Insurance
Badr Benassila,Media Buyer using Ringba and Retreaver,https://www.linkedin.com/in/badrbenassila,Florida,Buys Meta and YouTube traffic for insurance pay-per-call with Ringba and Retreaver.,Insurance
Nick Lyons,Founder & CEO at OmniLabs Marketing,https://www.linkedin.com/in/omnilabsmarketing,Florida,Runs pay-per-call acquisition for insurance through CPA networks.,Insurance
Nick Wilson,Senior Media Buyer at WeGenerate,https://www.linkedin.com/in/nick-wilson-172756276,Florida,Miami media buyer whose expertise is lead gen and pay-per-call campaigns.,Insurance
Alex Suarez,Founder at Ad Blaze Media,https://www.linkedin.com/in/alex-suarez-61210a40,Florida,Builds pay-per-call funnels for insurance legal and home services.,Insurance
Ian Burton Price,CEO at The Call Architect,https://www.linkedin.com/in/ianbprice,Florida,Designs Ringba and TrackDrive routing systems for pay-per-call operators.,Performance
Kevin Rey,CEO at BrokerPulse Media,https://www.linkedin.com/in/kevin-rey-083423239,Florida,St. Petersburg buyer actively purchasing ACA Medicare and debt inbound calls.,Insurance
Nicholas Biundini,CEO at bought media,https://www.linkedin.com/in/nicholas-biundini-86740326b,Florida,Building a Miami pay-per-call shop for home services auto and ACA.,Insurance
Enric Sabaté,Founder at Henry Ads Factory,https://www.linkedin.com/in/enricsab,Florida,Runs a Coral Gables factory that buys media for inbound calls.,Performance
Peyton Goodrich,Co-founder at Assured Health Marketing,https://www.linkedin.com/in/peyton-goodrich-b0261321b,Florida,Delivers inbound calls and TCPA warm transfers for health insurance.,Insurance
John M. Gachanja,CEO at Kentrust Capital,https://www.linkedin.com/in/john-m-gachanja-9465531b1,Florida,Jacksonville national buyer of TCPA-compliant inbound insurance and home-service calls.,Insurance
Devendra Tiwari,Founder & CEO at E Tech Call Solutions,https://www.linkedin.com/in/devendra-tiwari-a1054411b,Florida,Orlando operator running pay-per-call CPA and CPL campaigns.,Insurance
Hen Krivinsky,President at RealTalk Marketing,https://www.linkedin.com/in/hen-krivinsky-8a0b9717a,Florida,Sells insurance inbound calls and live transfers plus legal call traffic.,Insurance
Justin Surkes,CEO at Calling Edge,https://www.linkedin.com/in/justin-surkes-b8671514b,Florida,Tampa operator generating Medicare and final-expense call volume.,Insurance
Abraham Engel,Founder at Acquire IQ / Momentum Max,https://www.linkedin.com/in/abraham-engel-38707530b,Florida,Generated millions of insurance pay-per-call conversations at Momentum Max.,Insurance
Hagin Onyango,Founder & COO at Acquire IQ / Momentum Max,https://www.linkedin.com/in/hagin101,Florida,Operates pay-per-call traffic for ACA Medicare and auto from Miami.,Insurance
Andre Humber,CEO at Innovation Direct Group,https://www.linkedin.com/in/andre-humber,Florida,Delivers compliant inbound insurance calls on a pay-per-call model.,Insurance
John Ventura,Founder & CEO at Adsync Media,https://www.linkedin.com/in/johnmventura,Florida,Miami agency generating high-intent inbound calls for insurance and home services.,Insurance
Christopher M. Monski,CEO and Founder at Crankshaft.ai,https://www.linkedin.com/in/monski,Florida,Generates AI-qualified consumer-initiated inbound calls for final expense.,Insurance
Kurt Owen,Media Buyer at B-452,https://www.linkedin.com/in/the-ai-growth-pro,Florida,Orlando buyer running insurance and home-improvement call campaigns.,Insurance
Samiq Abbas,Founder at Call Squad Media,https://www.linkedin.com/in/samiqabbasshah,Texas,Austin founder generating Medicare inbound calls and live transfers.,Insurance
Ahtisham Muzammil,CEO at First Call Solutions,https://www.linkedin.com/in/ahtisham-muzammil-7367b940,Texas,Houston CEO building inbound-call and live-transfer engines for insurance buyers.,Insurance
John Edwards,CEO & Founder at MarketsCall,https://www.linkedin.com/in/john-edwards-601145220,Texas,Gonzales operator buying and selling inbound calls across insurance and home services.,Insurance
Trevor Bryan,Founder at CallBridge Media,https://www.linkedin.com/in/trevor-bryan-70236035a,Texas,Montgomery founder selling exclusive inbound calls to local businesses.,Performance
Owen Reynolds,Strategic Partner at Konnect Leads,https://www.linkedin.com/in/owen-reynolds-konnectleads,Texas,Katy pay-per-call strategist placing TCPA-compliant live transfers.,Insurance
Daniel Brown,CEO at Freedom Marketing Group,https://www.linkedin.com/in/daniel-brown-81b2741a2,Texas,Austin CEO delivering pay-per-call and live transfers for Medicare and ACA.,Insurance
Karlie Gurela,Performance Marketing Strategist at Spring Venture Group,https://www.linkedin.com/in/karlie-gurela,Texas,Austin affiliate and media buyer sourcing legal and insurance inbound calls.,Insurance
Helena Traslavina,Media Buyer for pay-per-call finance campaigns,https://www.linkedin.com/in/helena-traslavina-933a00149,Texas,Austin buyer who managed six-figure daily pay-per-call budgets for lending.,Finance
Hector Ortiz,Founder & CEO at Agent Calls,https://www.linkedin.com/in/hector-ortiz-30b774245,Texas,Dallas founder generating high-intent inbound calls for final-expense agents.,Insurance
Roshaan Imran,Pay Per Call operator at Absolute Solutions ATS,https://www.linkedin.com/in/roshaan-imran-964224223,Texas,Austin operator buying ACA calls and producing 200-plus daily live transfers.,Insurance
Shiraz Odhwani,Leader at Trendy Communications,https://www.linkedin.com/in/shiraz-odhwani,Texas,Dallas BPO leader selling TCPA-compliant live transfers across insurance verticals.,Insurance
Jennifer Mansfield,CEO at Rya Digital,https://www.linkedin.com/in/jenmansfield,Texas,Austin founder whose O&O sites generate insurance clicks calls and leads.,Insurance
Adam Smith,Director of Publisher Management at Massive & Company,https://www.linkedin.com/in/adamsmithjulian,Texas,Houston publisher manager sourcing CTV inbound final-expense calls.,Insurance
Edward Shakur,Operator at CallstarLLC,https://www.linkedin.com/in/edward-shakur-a80b602a7,Georgia,Atlanta marketer at a pay-per-call shop connecting callers to businesses.,Performance
James Reupert Umerez,Analyst at iClickInteractive,https://www.linkedin.com/in/jumerez,Georgia,Atlanta analyst running affiliate pay-per-call inbound and live-transfer campaigns.,Insurance
Daryl Goldstein,Pay-per-call marketer for insurance verticals,https://www.linkedin.com/in/darylgoldstein,Georgia,Atlanta operator generating in-house inbound calls for Medicare U65 and auto.,Insurance
Andrew Filar,Co-founder at Next Call Club,https://www.linkedin.com/in/andrewfilar,Georgia,Atlanta buyer of home and auto leads calls and live transfers for agents.,Insurance
Caleb Thames,Founder & CEO at Call Pro,https://www.linkedin.com/in/calebthames,Georgia,Atlanta founder brokering pay-per-call volume to insurance agencies.,Insurance
Dave Maman,CEO at WeCall,https://www.linkedin.com/in/dave-maman-532172ab,North Carolina,Charlotte CEO of a pay-per-call agency generating compliant inbound calls.,Performance
Stacy Luski,Director of Business Development at WeCall,https://www.linkedin.com/in/stacyluski,North Carolina,Sells WeCall pay-per-call campaigns from Charlotte.,Performance
Justin B.,Senior Performance Marketer at WeCall,https://www.linkedin.com/in/brewer051,North Carolina,Raleigh marketer managing inbound-call spend for healthcare and home services.,Insurance
Julian Smith,Operator at AdReplica,https://www.linkedin.com/in/julian-smith-583411357,North Carolina,Charlotte pay-per-call broker matching insurance buyers with inbound traffic.,Insurance
Anthony Stout,Lead generation operator at Direct Marketing Media,https://www.linkedin.com/in/anthony-stout-582a12170,North Carolina,Charlotte operator running verified lead-gen and pay-per-call campaigns since 2008.,Mixed
Kevin Perkins,Operator at NLBB Marketing Group,https://www.linkedin.com/in/kevinsperkins,North Carolina,Chapel Hill marketer whose shop sells pay-per-call and call-center solutions.,Home Services
Steve Crisp,Pay-per-call lead generator,https://www.linkedin.com/in/steve-crisp-1767424,North Carolina,Raleigh specialist selling direct pay-per-call phone leads to attorneys and trades.,Legal
Linda Neering,Network operations at OFFERweb,https://www.linkedin.com/in/linda-neering-7b87a323,North Carolina,Gastonia operator running inbound call flow on Invoca and TrackDrive.,Insurance
Darrell Nesbitt,Pay-per-call affiliate and media buyer,https://www.linkedin.com/in/darrell-nesbitt-273b74302,South Carolina,Charleston affiliate actively seeking pay-per-call buyers and networks.,Performance
Rosy Cleide,Business Development Manager at Techaxy,https://www.linkedin.com/in/rosycleide,South Carolina,Charleston BDM placing insurance warranty and ACA pay-per-call offers.,Insurance
Brian Fitzmaurice,Operator at Fitz Media Group,https://www.linkedin.com/in/brian-fitzmaurice-86692217,South Carolina,Greenville performance marketer generating leads and qualified calls.,Insurance
Mason Hewitt,Co-Founder & CEO at Connect Streams,https://www.linkedin.com/in/mason-hewitt-9a9a383,South Carolina,Charleston founder turning leads into consumer-initiated inbound Medicare calls.,Insurance
Kirby Thornton,Performance marketer at TI Marketing,https://www.linkedin.com/in/kirby-thornton-38775a13,Tennessee,Memphis operator driving inbound pay-per-call for Medicare ACA and auto.,Insurance
Nathan Kay,Founder & CEO at Routix,https://www.linkedin.com/in/jnathankay,Tennessee,Memphis CEO generating exclusive inbound calls after years as a Blue Cord media buyer.,Insurance
Stephanie Grainger Thomas,CEO at QSS America,https://www.linkedin.com/in/qssamerica,Tennessee,Nashville CEO whose affiliate network includes inbound and pay-per-call programs.,Performance
Steve Berns,Operator at Peak Advertising,https://www.linkedin.com/in/steveberns,Tennessee,Nashville performance marketer running inbound-call campaigns and publisher partnerships.,Performance
Tina Dixon,Founder at Ringlab Media,https://www.linkedin.com/in/ladesignz,Louisiana,Baton Rouge founder of a boutique pay-per-call inbound and transfer agency.,Home Services
Julia P.,Operator at Ringlab Media,https://www.linkedin.com/in/juliaprohoda,Louisiana,New Orleans teammate placing HVAC and travel inbound calls for Ringlab.,Home Services
Charlotte Delacroix,Pay Per Call Marketing Manager at Best Case Leads,https://www.linkedin.com/in/charlotte-delacroix-1ba254282,Louisiana,New Orleans manager buying and selling legal inbound calls.,Legal
Taleatha Mommsen,CEO at MiliMediaLLC,https://www.linkedin.com/in/taleatha-mommsen-97111478,Louisiana,New Orleans CEO focused on Medicare and insurance pay-per-call.,Insurance
Ronnie N McCallister,Leader at CALLERS LLC,https://www.linkedin.com/in/ronnie-n-mccallister-276435192,Kentucky,Louisville operator selling paid-ad leads and live transfers on a pay-per-call basis.,Insurance
Nouman Rashid,Operator at CALLERS LLC,https://www.linkedin.com/in/nouman-rashid-276435192,Kentucky,Kentucky BPO partner buying and transferring insurance and tax-relief calls.,Insurance
Ujjwal Agarwal,Head of Business Development at TruLeads,https://www.linkedin.com/in/ujjwal-agarwal-043847374,Kentucky,Richmond specialist buying and selling ACA FE SSDI and Medicare calls.,Insurance
kamran Y.,Business Development Manager at AcomoDigital,https://www.linkedin.com/in/kamran-y-3428b8365,Kentucky,Florence BDM selling Jornaya-tokened live transfers for FE auto and home.,Insurance
James Bennett,Performance marketer at Quintessa Marketing,https://www.linkedin.com/in/james-basic,Oklahoma,Oklahoma City marketer credited for scaling legal pay-per-call campaigns.,Legal
Kevin King,Senior Account Manager at RevenueAds,https://www.linkedin.com/in/kevin-king-,Oklahoma,Runs home-warranty pay-per-call programs on Ringba and Invoca for an OKC network.,Insurance
Brandon Ente,Affiliate Manager at RevenueAds,https://www.linkedin.com/in/brandon-ente-20025b2b4,Oklahoma,Recruits publishers into an Oklahoma City pay-per-call and lead network.,Performance
Nikky Bernier,Founder at Call Lynx,https://www.linkedin.com/in/nikkybernier,Florida,Founder generating consumer-initiated inbound calls for Medicare ACA and debt.,Insurance
Alexandra Avalos,Head of Strategic Partnerships at WeGenerate,https://www.linkedin.com/in/alexandra-avalos-6bb1b6185,Florida,Miami partnerships lead at a shop generating Medicare ACA and auto call LTV.,Insurance
Mike Kerry,Network Manager at Convert2Media,https://www.linkedin.com/in/mikekerry1,Florida,Orlando network manager at a performance shop that has run pay-per-call traffic.,Performance
