priority,name,company_or_role,facebook,group,state_or_geo,why_outreach,reach,vertical
A,Jason Kashou,1st Choice Marketing,https://www.facebook.com/jason.kashou.12/,PayPerCall Talks,Coral Springs FL,Top contributor (2011 pts). Florida shop. Profile has an open Message button.,Message,Home services / inbound
A,Ch Adnan,HVAC call buyer,https://www.facebook.com/profile.php?id=61594058139339,pay per call buyers,,Posted today: buying HVAC calls on daily payments.,Group comment / friend,Home services
A,Chaudhary Adnan,Digital creator / HVAC buyer,https://www.facebook.com/profile.php?id=100052031919426,pay per call buyers,,Top-listed contributor in the buyers group (1307 followers). Same buying motion as Ch Adnan; confirm if same person before dual outreach.,Follow / friend,Home services
A,Muhammad Saqlain Mustafa,Ringba direct buyer,https://www.facebook.com/profile.php?id=61594087108582,pay per call buyers,,Posted RINGBA DIRECT BUYER with HVAC $120+ and plumber $150+ payouts twice monthly.,Group comment / friend,Home services
A,Hammad Fazal,Admin @ RTS BPO / PayPerCall Talks,https://www.facebook.com/AllFather01/,PayPerCall Talks,,Group admin. Recruits publishers to sell calls into RTS BPO. Lives in inbound volume.,Friend / group,BPO / inbound
A,Chaudary Zain,Admin @ PayPerCall Talks / RTS BPO,https://www.facebook.com/profile.php?id=1732490923,PayPerCall Talks,,Named on the Talks admin team that onboards call sellers.,Friend / group,BPO / inbound
A,Muhammad Ahmed,Admin @ PayPerCall Talks / RTS BPO,https://www.facebook.com/profile.php?id=100011385808138,PayPerCall Talks,,Named on the Talks admin team that onboards call sellers.,Friend / group,BPO / inbound
A,Angelo Michaels,Admin @ PayPerCall Talks / RTS BPO,https://www.facebook.com/profile.php?id=100010147244792,PayPerCall Talks,,Named on the Talks admin team. Western name; likely US-side ops.,Friend / group,BPO / inbound
A,Matthew Zivkovic,Lead Smart / Pay Per Call Academy,https://www.facebook.com/matthew.zivkovic,pay per call buyers + Talks,Libertyville IL,Lives in Libertyville Illinois. LeadSmart founder. Message is open.,Message,Pay-per-call
A,Nationwide Instant Services,Inbound call seller,https://www.facebook.com/profile.php?id=61592901506744,Direct Buyers,,Selling inbounds across verticals with multiple traffic sources. Page has Send message.,Message,Multi-vertical inbound
A,Ahsan Raza,Engine & transmission call buyer,https://www.facebook.com/profile.php?id=61551892122859,Direct Buyers,USA nationwide,Buying English/Spanish engine and transmission calls. 90-120s. Weekly pay. Asked publishers to DM rates.,Group comment / friend,Auto
A,Mubashar Rafiq,Engine & transmission call buyer,https://www.facebook.com/profile.php?id=100079601117419,Direct Buyers,,Same buying post as Ahsan (possible partner or copy). Treat as one conversation until confirmed separate.,Group comment / friend,Auto
A,Mohammad Nahid,Inbound call buyer,https://www.facebook.com/profile.php?id=100093066664855,Direct Buyers,USA,Two buyer posts: daily-pay garage-door inbound and WE'RE BUYING QUALITY INBOUND PAY PER CALL TRAFFIC.,Group comment / friend,Home services
A,Alina James,Live transfer buyer,https://www.facebook.com/profile.php?id=100090008304324,Payper Call / Ringba,,Posted WE ARE BUYING LIVE TRANSFER CALLS for major campaigns.,Group comment / friend,Live transfers
A,Marketing Network,Call buyer page,https://www.facebook.com/profile.php?id=61582554116727,Payper Call / Ringba,USA,Buying high-volume US plumbing (uncapped) and HVAC inbound. Send message on the posts.,Message,Home services
B,Shamsuddeen Ashiru,Pest control live-transfer publisher,https://www.facebook.com/profile.php?id=100009968167234,Direct Buyers,USA,Looking for direct buyers of exclusive pest-control live transfers. TCPA-compliant US agents.,Group comment / friend,Home services
B,Muhammad Subha N,HVAC call publisher,https://www.facebook.com/profile.php?id=61593893027298,pay per call buyers,,High-volume USA HVAC mini-split install/repair/replace. Needs a US buyer; runs paid inbound.,Group comment / friend,Home services
B,Lisa Liam,Top contributor,https://www.facebook.com/profile.php?id=61591292675976,pay per call buyers,,378 contribution points. Most active non-admin poster in the buyers group.,Friend,Pay-per-call
B,M Nasruddin,Top contributor,https://www.facebook.com/profile.php?id=61593452535414,pay per call buyers,,317 contribution points. Daily poster in the buyers group.,Friend,Pay-per-call
B,Muhammad Bilal,Top contributor,https://www.facebook.com/profile.php?id=61590629316477,pay per call buyers,,309 contribution points in the buyers group.,Friend,Pay-per-call
B,Harry Som,Top contributor,https://www.facebook.com/profile.php?id=61591534119645,pay per call buyers,,291 contribution points in the buyers group.,Friend,Pay-per-call
B,Ali Zain,Top contributor,https://www.facebook.com/profile.php?id=61588022815375,pay per call buyers,,199 contribution points in the buyers group.,Friend,Pay-per-call
B,Nadeem Imran,Top contributor,https://www.facebook.com/profile.php?id=61581615930273,pay per call buyers,,197 contribution points in the buyers group.,Friend,Pay-per-call
B,Ali Akbar,Top contributor,https://www.facebook.com/profile.php?id=61561750335062,PayPerCall Talks,,Highest Talks contributor (2562 pts). Heavy poster in the 12.7k group.,Friend,Pay-per-call
B,Ans Khan Niazi,Top contributor,https://www.facebook.com/profile.php?id=100023754114103,PayPerCall Talks,,1401 contribution points in Talks.,Friend,Pay-per-call
B,Ali Abbas,Top contributor,https://www.facebook.com/profile.php?id=100042408728244,PayPerCall Talks,,1230 contribution points in Talks.,Friend,Pay-per-call
B,Mian Asim Arain,Top contributor,https://www.facebook.com/profile.php?id=100091998631230,PayPerCall Talks,,1178 contribution points in Talks.,Friend,Pay-per-call
B,Hassan Ali,Locksmith offer poster,https://www.facebook.com/profile.php?id=100004254600126,Direct Buyers,,Posting locksmith fixed/dynamic dashboards with payouts. Publisher-side.,Group comment / friend,Home services
